num,polygon
2,"[[0.00000, 0.00000], [14.01997, -188.98521], [126.88391, -199.13323], [122.04349, -68.34248], [58.34179, -12.99696], [29.38469, 60.30944], [50.73329, 70.58514], [113.40287, 53.98732], [121.83500, 150.74168], [27.83217, 230.20786]]"
2,"[[0.00000, 0.00000], [18.62620, -261.61653], [111.11268, -277.80191], [109.58698, -251.70821], [21.97578, -167.72661], [91.07508, -161.74525], [102.59901, -51.59538]]"
2,"[[0.00000, 0.00000], [26.12890, -171.20574], [67.04520, -156.24472], [186.06767, -186.94885], [197.90894, 3.56125], [30.69946, 76.28930]]"
2,"[[0.00000, 0.00000], [91.12402, 3.72643], [140.04554, 131.26746], [29.36520, 140.33491]]"
2,"[[0.00000, 0.00000], [8.62383, -158.43598], [123.52978, -168.28430], [114.66486, 40.45371]]"
2,"[[0.00000, 0.00000], [21.39332, -21.31332], [78.24758, 1.57682], [76.87766, 34.74335], [41.48828, 55.37342], [24.75448, 62.03419], [6.22732, 38.66814]]"
2,"[[0.00000, 0.00000], [0.75259, -84.91038], [155.24568, -186.08994], [129.44093, -437.16533], [139.85591, -453.43550], [167.61683, -461.18246], [179.44585, -438.12229], [200.96906, -164.51973], [181.18548, -133.28291], [28.92382, -42.78395]]"
2,"[[0.00000, 0.00000], [0.24245, -210.59266], [24.72752, -307.81592], [95.14791, -426.00410], [136.91046, -444.94417], [272.80311, -407.76336], [251.33631, -361.80506], [130.46499, -381.78429], [87.38233, -313.26018], [52.73448, -195.57611], [57.07915, -10.16700], [20.16591, 76.47970]]"