num,polygon
1,"[[566.41942, 258.33608], [495.62834, 343.36658], [369.94847, 298.55162], [277.39236, 278.81127], [198.78277, 289.3646], [83.90526, 340.25433], [-23.74895, 340.29993], [-33.16988, 332.62132], [-29.38506, 316.49116], [127.31885, 201.01511], [177.70381, 177.64308], [225.01948, 167.81014], [288.79543, 168.98391], [377.7857, 185.98089]]"
1,"[[41.78706, -80.07373], [50.69772, -61.11225], [125.93638, 0.21075], [98.36981, 16.62698], [35.92436, -30.39313], [-17.69421, 16.02134], [-31.84213, -6.89137], [27.16766, -89.51725]]"
